[{ "code": "93", "iso2": "af", "name": "Afghanistan (‫افغانستان‬‎)" },
{ "code": "355", "iso2": "al", "name": "Albania (Shqipëri)" },
{ "code": "213", "iso2": "dz", "name": "Algeria (‫الجزائر‬‎)" },
{ "code": "684", "iso2": "as", "name": "American Samoa" },
{ "code": "376", "iso2": "ad", "name": "Andorra" },
{ "code": "244", "iso2": "ao", "name": "Angola" },
{ "code": "264", "iso2": "ai", "name": "Anguilla" },
{ "code": "268", "iso2": "ag", "name": "Antigua and Barbuda" },
{ "code": "54", "iso2": "ar", "name": "Argentina" },
{ "code": "374", "iso2": "am", "name": "Armenia (Հայաստան)" },
{ "code": "297", "iso2": "aw", "name": "Aruba" },
{ "code": "61", "iso2": "au", "name": "Australia" },
{ "code": "43", "iso2": "at", "name": "Austria (Österreich)" },
{ "code": "994", "iso2": "az", "name": "Azerbaijan (Azərbaycan)" },
{ "code": "242", "iso2": "bs", "name": "Bahamas" },
{ "code": "973", "iso2": "bh", "name": "Bahrain (‫البحرين‬‎)" },
{ "code": "880", "iso2": "bd", "name": "Bangladesh (বাংলাদেশ)" },
{ "code": "246", "iso2": "bb", "name": "Barbados" },
{ "code": "375", "iso2": "by", "name": "Belarus (Беларусь)" },
{ "code": "32", "iso2": "be", "name": "Belgium (België)" },
{ "code": "501", "iso2": "bz", "name": "Belize" },
{ "code": "229", "iso2": "bj", "name": "Benin (Bénin)" },
{ "code": "441", "iso2": "bm", "name": "Bermuda" },
{ "code": "975", "iso2": "bt", "name": "Bhutan (འབྲུག)" },
{ "code": "591", "iso2": "bo", "name": "Bolivia" },
{ "code": "387", "iso2": "ba", "name": "Bosnia and Herzegovina (Босна и Херцеговина)" },
{ "code": "267", "iso2": "bw", "name": "Botswana" },
{ "code": "55", "iso2": "br", "name": "Brazil (Brasil)" },
{ "code": "246", "iso2": "io", "name": "British Indian Ocean Territory" },
{ "code": "284", "iso2": "vg", "name": "British Virgin Islands" },
{ "code": "673", "iso2": "bn", "name": "Brunei" },
{ "code": "359", "iso2": "bg", "name": "Bulgaria (България)" },
{ "code": "226", "iso2": "bf", "name": "Burkina Faso" },
{ "code": "257", "iso2": "bi", "name": "Burundi (Uburundi)" },
{ "code": "855", "iso2": "kh", "name": "Cambodia (កម្ពុជា)" },
{ "code": "237", "iso2": "cm", "name": "Cameroon (Cameroun)" },
{ "code": "1", "iso2": "ca", "name": "Canada" },
{ "code": "238", "iso2": "cv", "name": "Cape Verde (Kabu Verdi)" },
{ "code": "599", "iso2": "bq", "name": "Caribbean Netherlands" },
{ "code": "345", "iso2": "ky", "name": "Cayman Islands" },
{ "code": "236", "iso2": "cf", "name": "Central African Republic (République centrafricaine)" },
{ "code": "235", "iso2": "td", "name": "Chad (Tchad)" },
{ "code": "56", "iso2": "cl", "name": "Chile" },
{ "code": "86", "iso2": "cn", "name": "China (中国)" },
{ "code": "61", "iso2": "cx", "name": "Christmas Island" },
{ "code": "61", "iso2": "cc", "name": "Cocos (Keeling) Islands" },
{ "code": "57", "iso2": "co", "name": "Colombia" },
{ "code": "269", "iso2": "km", "name": "Comoros (‫جزر القمر‬‎)" },
{ "code": "243", "iso2": "cd", "name": "Congo (DRC) (Jamhuri ya Kidemokrasia ya Kongo)" },
{ "code": "242", "iso2": "cg", "name": "Congo (Republic) (Congo-Brazzaville)" },
{ "code": "682", "iso2": "ck", "name": "Cook Islands" },
{ "code": "506", "iso2": "cr", "name": "Costa Rica" },
{ "code": "225", "iso2": "ci", "name": "Côte d’Ivoire" },
{ "code": "385", "iso2": "hr", "name": "Croatia (Hrvatska)" },
{ "code": "53", "iso2": "cu", "name": "Cuba" },
{ "code": "599", "iso2": "cw", "name": "Curaçao" },
{ "code": "357", "iso2": "cy", "name": "Cyprus (Κύπρος)" },
{ "code": "420", "iso2": "cz", "name": "Czech Republic (Česká republika)" },
{ "code": "45", "iso2": "dk", "name": "Denmark (Danmark)" },
{ "code": "253", "iso2": "dj", "name": "Djibouti" },
{ "code": "767", "iso2": "dm", "name": "Dominica" },
{ "code": "1", "iso2": "do", "name": "Dominican Republic (República Dominicana)" },
{ "code": "593", "iso2": "ec", "name": "Ecuador" },
{ "code": "20", "iso2": "eg", "name": "Egypt (‫مصر‬‎)" },
{ "code": "503", "iso2": "sv", "name": "El Salvador" },
{ "code": "240", "iso2": "gq", "name": "Equatorial Guinea (Guinea Ecuatorial)" },
{ "code": "291", "iso2": "er", "name": "Eritrea" },
{ "code": "372", "iso2": "ee", "name": "Estonia (Eesti)" },
{ "code": "251", "iso2": "et", "name": "Ethiopia" },
{ "code": "500", "iso2": "fk", "name": "Falkland Islands (Islas Malvinas)" },
{ "code": "298", "iso2": "fo", "name": "Faroe Islands (Føroyar)" },
{ "code": "679", "iso2": "fj", "name": "Fiji" },
{ "code": "358", "iso2": "fi", "name": "Finland (Suomi)" },
{ "code": "33", "iso2": "fr", "name": "France" },
{ "code": "594", "iso2": "gf", "name": "French Guiana (Guyane française)" },
{ "code": "689", "iso2": "pf", "name": "French Polynesia (Polynésie française)" },
{ "code": "241", "iso2": "ga", "name": "Gabon" },
{ "code": "220", "iso2": "gm", "name": "Gambia" },
{ "code": "995", "iso2": "ge", "name": "Georgia (საქართველო)" },
{ "code": "49", "iso2": "de", "name": "Germany (Deutschland)" },
{ "code": "233", "iso2": "gh", "name": "Ghana (Gaana)" },
{ "code": "350", "iso2": "gi", "name": "Gibraltar" },
{ "code": "30", "iso2": "gr", "name": "Greece (Ελλάδα)" },
{ "code": "299", "iso2": "gl", "name": "Greenland (Kalaallit Nunaat)" },
{ "code": "473", "iso2": "gd", "name": "Grenada" },
{ "code": "590", "iso2": "gp", "name": "Guadeloupe" },
{ "code": "671", "iso2": "gu", "name": "Guam" },
{ "code": "502", "iso2": "gt", "name": "Guatemala" },
{ "code": "44", "iso2": "gg", "name": "Guernsey" },
{ "code": "224", "iso2": "gn", "name": "Guinea (Guinée)" },
{ "code": "245", "iso2": "gw", "name": "Guinea-Bissau (Guiné Bissau)" },
{ "code": "592", "iso2": "gy", "name": "Guyana" },
{ "code": "509", "iso2": "ht", "name": "Haiti" },
{ "code": "504", "iso2": "hn", "name": "Honduras" },
{ "code": "852", "iso2": "hk", "name": "Hong Kong (香港)" },
{ "code": "36", "iso2": "hu", "name": "Hungary (Magyarország)" },
{ "code": "354", "iso2": "is", "name": "Iceland (Ísland)" },
{ "code": "91", "iso2": "in", "name": "India (भारत)" },
{ "code": "62", "iso2": "id", "name": "Indonesia" },
{ "code": "98", "iso2": "ir", "name": "Iran (‫ایران‬‎)" },
{ "code": "964", "iso2": "iq", "name": "Iraq (‫العراق‬‎)" },
{ "code": "353", "iso2": "ie", "name": "Ireland" },
{ "code": "44", "iso2": "im", "name": "Isle of Man" },
{ "code": "972", "iso2": "il", "name": "Israel (‫ישראל‬‎)" },
{ "code": "39", "iso2": "it", "name": "Italy (Italia)" },
{ "code": "1876", "iso2": "jm", "name": "Jamaica" },
{ "code": "81", "iso2": "jp", "name": "Japan (日本)" },
{ "code": "44", "iso2": "je", "name": "Jersey" },
{ "code": "962", "iso2": "jo", "name": "Jordan (‫الأردن‬‎)" },
{ "code": "7", "iso2": "kz", "name": "Kazakhstan (Казахстан)" },
{ "code": "254", "iso2": "ke", "name": "Kenya" },
{ "code": "686", "iso2": "ki", "name": "Kiribati" },
{ "code": "965", "iso2": "kw", "name": "Kuwait (‫الكويت‬‎)" },
{ "code": "996", "iso2": "kg", "name": "Kyrgyzstan (Кыргызстан)" },
{ "code": "856", "iso2": "la", "name": "Laos (ລາວ)" },
{ "code": "371", "iso2": "lv", "name": "Latvia (Latvija)" },
{ "code": "961", "iso2": "lb", "name": "Lebanon (‫لبنان‬‎)" },
{ "code": "266", "iso2": "ls", "name": "Lesotho" },
{ "code": "231", "iso2": "lr", "name": "Liberia" },
{ "code": "218", "iso2": "ly", "name": "Libya (‫ليبيا‬‎)" },
{ "code": "423", "iso2": "li", "name": "Liechtenstein" },
{ "code": "370", "iso2": "lt", "name": "Lithuania (Lietuva)" },
{ "code": "352", "iso2": "lu", "name": "Luxembourg" },
{ "code": "853", "iso2": "mo", "name": "Macau (澳門)" },
{ "code": "389", "iso2": "mk", "name": "Macedonia (FYROM) (Македонија)" },
{ "code": "261", "iso2": "mg", "name": "Madagascar (Madagasikara)" },
{ "code": "265", "iso2": "mw", "name": "Malawi" },
{ "code": "60", "iso2": "my", "name": "Malaysia" },
{ "code": "960", "iso2": "mv", "name": "Maldives" },
{ "code": "223", "iso2": "ml", "name": "Mali" },
{ "code": "356", "iso2": "mt", "name": "Malta" },
{ "code": "692", "iso2": "mh", "name": "Marshall Islands" },
{ "code": "596", "iso2": "mq", "name": "Martinique" },
{ "code": "222", "iso2": "mr", "name": "Mauritania (‫موريتانيا‬‎)" },
{ "code": "230", "iso2": "mu", "name": "Mauritius (Moris)" },
{ "code": "262", "iso2": "yt", "name": "Mayotte" },
{ "code": "52", "iso2": "mx", "name": "Mexico (México)" },
{ "code": "691", "iso2": "fm", "name": "Micronesia" },
{ "code": "373", "iso2": "md", "name": "Moldova (Republica Moldova)" },
{ "code": "377", "iso2": "mc", "name": "Monaco" },
{ "code": "976", "iso2": "mn", "name": "Mongolia (Монгол)" },
{ "code": "382", "iso2": "me", "name": "Montenegro (Crna Gora)" },
{ "code": "1664", "iso2": "ms", "name": "Montserrat" },
{ "code": "212", "iso2": "ma", "name": "Morocco (‫المغرب‬‎)" },
{ "code": "258", "iso2": "mz", "name": "Mozambique (Moçambique)" },
{ "code": "95", "iso2": "mm", "name": "Myanmar (Burma) (မြန်မာ)" },
{ "code": "264", "iso2": "na", "name": "Namibia (Namibië)" },
{ "code": "674", "iso2": "nr", "name": "Nauru" },
{ "code": "977", "iso2": "np", "name": "Nepal (नेपाल)" },
{ "code": "31", "iso2": "nl", "name": "Netherlands (Nederland)" },
{ "code": "687", "iso2": "nc", "name": "New Caledonia (Nouvelle-Calédonie)" },
{ "code": "64", "iso2": "nz", "name": "New Zealand" },
{ "code": "505", "iso2": "ni", "name": "Nicaragua" },
{ "code": "227", "iso2": "ne", "name": "Niger (Nijar)" },
{ "code": "234", "iso2": "ng", "name": "Nigeria" },
{ "code": "683", "iso2": "nu", "name": "Niue" },
{ "code": "672", "iso2": "nf", "name": "Norfolk Island" },
{ "code": "850", "iso2": "kp", "name": "North Korea (조선 민주주의 인민 공화국)" },
{ "code": "1670", "iso2": "mp", "name": "Northern Mariana Islands" },
{ "code": "47", "iso2": "no", "name": "Norway (Norge)" },
{ "code": "968", "iso2": "om", "name": "Oman (‫عُمان‬‎)" },
{ "code": "92", "iso2": "pk", "name": "Pakistan (‫پاکستان‬‎)" },
{ "code": "680", "iso2": "pw", "name": "Palau" },
{ "code": "970", "iso2": "ps", "name": "Palestine (‫فلسطين‬‎)" },
{ "code": "507", "iso2": "pa", "name": "Panama (Panamá)" },
{ "code": "675", "iso2": "pg", "name": "Papua New Guinea" },
{ "code": "595", "iso2": "py", "name": "Paraguay" },
{ "code": "51", "iso2": "pe", "name": "Peru (Perú)" },
{ "code": "63", "iso2": "ph", "name": "Philippines" },
{ "code": "48", "iso2": "pl", "name": "Poland (Polska)" },
{ "code": "351", "iso2": "pt", "name": "Portugal" },
{ "code": "1", "iso2": "pr", "name": "Puerto Rico" },
{ "code": "974", "iso2": "qa", "name": "Qatar (‫قطر‬‎)" },
{ "code": "262", "iso2": "re", "name": "Réunion (La Réunion)" },
{ "code": "40", "iso2": "ro", "name": "Romania (România)" },
{ "code": "7", "iso2": "ru", "name": "Russia (Россия)" },
{ "code": "250", "iso2": "rw", "name": "Rwanda" },
{ "code": "590", "iso2": "bl", "name": "Saint Barthélemy (Saint-Barthélemy)" },
{ "code": "290", "iso2": "sh", "name": "Saint Helena" },
{ "code": "1869", "iso2": "kn", "name": "Saint Kitts and Nevis" },
{ "code": "758", "iso2": "lc", "name": "Saint Lucia" },
{ "code": "590", "iso2": "mf", "name": "Saint Martin (Saint-Martin (partie française))" },
{ "code": "508", "iso2": "pm", "name": "Saint Pierre and Miquelon (Saint-Pierre-et-Miquelon)" },
{ "code": "1784", "iso2": "vc", "name": "Saint Vincent and the Grenadines" },
{ "code": "685", "iso2": "ws", "name": "Samoa" },
{ "code": "378", "iso2": "sm", "name": "San Marino" },
{ "code": "239", "iso2": "st", "name": "São Tomé and Príncipe (São Tomé e Príncipe)" },
{ "code": "966", "iso2": "sa", "name": "Saudi Arabia (‫المملكة العربية السعودية‬‎)" },
{ "code": "221", "iso2": "sn", "name": "Senegal (Sénégal)" },
{ "code": "381", "iso2": "rs", "name": "Serbia (Србија)" },
{ "code": "248", "iso2": "sc", "name": "Seychelles" },
{ "code": "232", "iso2": "sl", "name": "Sierra Leone" },
{ "code": "65", "iso2": "sg", "name": "Singapore" },
{ "code": "721", "iso2": "sx", "name": "Sint Maarten" },
{ "code": "421", "iso2": "sk", "name": "Slovakia (Slovensko)" },
{ "code": "386", "iso2": "si", "name": "Slovenia (Slovenija)" },
{ "code": "677", "iso2": "sb", "name": "Solomon Islands" },
{ "code": "252", "iso2": "so", "name": "Somalia (Soomaaliya)" },
{ "code": "27", "iso2": "za", "name": "South Africa" },
{ "code": "82", "iso2": "kr", "name": "South Korea (대한민국)" },
{ "code": "211", "iso2": "ss", "name": "South Sudan (‫جنوب السودان‬‎)" },
{ "code": "34", "iso2": "es", "name": "Spain (España)" },
{ "code": "94", "iso2": "lk", "name": "Sri Lanka (ශ්‍රී ලංකාව)" },
{ "code": "249", "iso2": "sd", "name": "Sudan (‫السودان‬‎)" },
{ "code": "597", "iso2": "sr", "name": "Suriname" },
{ "code": "47", "iso2": "sj", "name": "Svalbard and Jan Mayen" },
{ "code": "268", "iso2": "sz", "name": "Swaziland" },
{ "code": "46", "iso2": "se", "name": "Sweden (Sverige)" },
{ "code": "41", "iso2": "ch", "name": "Switzerland (Schweiz)" },
{ "code": "963", "iso2": "sy", "name": "Syria (‫سوريا‬‎)" },
{ "code": "886", "iso2": "tw", "name": "Taiwan (台灣)" },
{ "code": "992", "iso2": "tj", "name": "Tajikistan" },
{ "code": "255", "iso2": "tz", "name": "Tanzania" },
{ "code": "66", "iso2": "th", "name": "Thailand (ไทย)" },
{ "code": "670", "iso2": "tl", "name": "Timor-Leste" },
{ "code": "228", "iso2": "tg", "name": "Togo" },
{ "code": "690", "iso2": "tk", "name": "Tokelau" },
{ "code": "676", "iso2": "to", "name": "Tonga" },
{ "code": "1868", "iso2": "tt", "name": "Trinidad and Tobago" },
{ "code": "216", "iso2": "tn", "name": "Tunisia (‫تونس‬‎)" },
{ "code": "90", "iso2": "tr", "name": "Turkey (Türkiye)" },
{ "code": "993", "iso2": "tm", "name": "Turkmenistan" },
{ "code": "1649", "iso2": "tc", "name": "Turks and Caicos Islands" },
{ "code": "688", "iso2": "tv", "name": "Tuvalu" },
{ "code": "1340", "iso2": "vi", "name": "U.S. Virgin Islands" },
{ "code": "256", "iso2": "ug", "name": "Uganda" },
{ "code": "380", "iso2": "ua", "name": "Ukraine (Україна)" },
{ "code": "971", "iso2": "ae", "name": "United Arab Emirates (‫الإمارات العربية المتحدة‬‎)" },
{ "code": "44", "iso2": "gb", "name": "United Kingdom" },
{ "code": "1", "iso2": "us", "name": "United States" },
{ "code": "598", "iso2": "uy", "name": "Uruguay" },
{ "code": "998", "iso2": "uz", "name": "Uzbekistan (Oʻzbekiston)" },
{ "code": "678", "iso2": "vu", "name": "Vanuatu" },
{ "code": "39", "iso2": "va", "name": "Vatican City (Città del Vaticano)" },
{ "code": "58", "iso2": "ve", "name": "Venezuela" },
{ "code": "84", "iso2": "vn", "name": "Vietnam (Việt Nam)" },
{ "code": "681", "iso2": "wf", "name": "Wallis and Futuna" },
{ "code": "212", "iso2": "eh", "name": "Western Sahara (‫الصحراء الغربية‬‎)" },
{ "code": "967", "iso2": "ye", "name": "Yemen (‫اليمن‬‎)" },
{ "code": "260", "iso2": "zm", "name": "Zambia" },
{ "code": "263", "iso2": "zw", "name": "Zimbabwe" },
{ "code": "358", "iso2": "ax", "name": "Åland Islands" }]